{"_step":4,"Loss":0.6599659937269547,"Train Acc":76.534,"Test Acc":76.95,"Learning Rate":0.0009549150281252632,"_timestamp":1.780043382516442e+09,"_wandb":{"runtime":185},"_runtime":185}