{"_timestamp":1.7800436620129106e+09,"_step":14,"acc":9.981770833333334,"loss":NaN,"_wandb":{"runtime":164},"_runtime":164}