{"_timestamp":1.7800421734092731e+09,"_step":14,"_wandb":{"runtime":166},"_runtime":166,"acc":80.10416666666667,"loss":0.5733404067158699}