{"_step":14,"acc":79.92708333333334,"_wandb":{"runtime":170},"_runtime":170,"loss":0.5878791561722756,"_timestamp":1.780041556729435e+09}